Question,Answer
"What is the primary goal of the AI Crop Monitoring and Disease Detection Platform, and what key aspects does its blueprint cover?",Error generating answer: The input to RunnablePassthrough.assign() must be a dict.
"Who are the target users for this platform, and what critical problem does it aim to solve for them?",Error generating answer: The input to RunnablePassthrough.assign() must be a dict.
"List the diverse data sources the platform aggregates for robust analysis. For each, specify if it's a free-tier resource or a later-phase integration?",Error generating answer: The input to RunnablePassthrough.assign() must be a dict.
Describe the different camera types supported by the system for image acquisition and the associated technologies used for each?,Error generating answer: The input to RunnablePassthrough.assign() must be a dict.
"If you were tasked with integrating a new, proprietary satellite imagery provider, what considerations would you need to address regarding data ingestion and processing, given the existing data sources?",Error generating answer: The input to RunnablePassthrough.assign() must be a dict.
"What specific frameworks are leveraged for ""Edge AI,"" and why is Edge AI a crucial component for this platform, especially for ""offline farm inference""?",Error generating answer: The input to RunnablePassthrough.assign() must be a dict.
"Explain the purpose of ""Explainability (XAI)"" in this platform and name the frameworks used for it. Why is XAI important for farmers' trust and decision-making?",Error generating answer: The input to RunnablePassthrough.assign() must be a dict.
Name the techniques and frameworks used for Time-Series Forecasting. What types of data are integrated into the Yield Forecasting models?,Error generating answer: The input to RunnablePassthrough.assign() must be a dict.
"Which framework is chosen for the main backend API layer, and what are its advantages for this project?",Error generating answer: The input to RunnablePassthrough.assign() must be a dict.
"How are asynchronous and heavy jobs (like background inference or batch jobs) handled in the backend, and what technologies facilitate this?",Error generating answer: The input to RunnablePassthrough.assign() must be a dict.
"What frontend technology is used for the Minimum Viable Product (MVP), and what is planned for the production-grade frontend? What are the benefits of the production choice, including deployment options?",Error generating answer: The input to RunnablePassthrough.assign() must be a dict.
"How does the Streamlit MVP application interact with the FastAPI backend, and what mechanism is used to retrieve the API base URL?",Error generating answer: The input to RunnablePassthrough.assign() must be a dict.
"Imagine the platform needs to store high-resolution drone images and their associated metadata. Which storage and database solutions would be most appropriate, and why?",Error generating answer: The input to RunnablePassthrough.assign() must be a dict.
How does the platform enable timely communication for notifications and alerts? Specify the services used and their free-tier status?,Error generating answer: The input to RunnablePassthrough.assign() must be a dict.
"Which service is used for user authentication (farmers, admins, partners)? What payment gateways are integrated, and what is the geographical scope of each?",Error generating answer: The input to RunnablePassthrough.assign() must be a dict.
"List at least five high-impact features that distinguish this platform from potential competitors, as described in the ""Differentiators"" section?",Error generating answer: The input to RunnablePassthrough.assign() must be a dict.
"What containerization technology is used, and what is the chosen CI/CD tool for automation?",Error generating answer: The input to RunnablePassthrough.assign() must be a dict.
"Describe the short-term and long-term deployment strategies for the platform, including the specific technologies used for each. What are the advantages of moving to the long-term strategy?",Error generating answer: The input to RunnablePassthrough.assign() must be a dict.
"How is system health and performance tracked, and which service is used for error logging? What security measures are mentioned for data storage in this context?",Error generating answer: The input to RunnablePassthrough.assign() must be a dict.
Explain the purpose of each command in the provided `Dockerfile`. Why is `ENV PYTHONUNBUFFERED=1` included?,Error generating answer: The input to RunnablePassthrough.assign() must be a dict.
Describe the steps involved in the `build-deploy` job defined in `deploy.yml` (GitHub Actions). How does GitHub Actions authenticate with Google Cloud Platform for deployment?,Error generating answer: The input to RunnablePassthrough.assign() must be a dict.
"What is the significance of `containerConcurrency: 80` in the `cloudrun.yaml` configuration, and what are the security implications of `--allow-unauthenticated` in the `gcloud run deploy` command?",Error generating answer: The input to RunnablePassthrough.assign() must be a dict.
"Based on the `AI_Crop_Monitoring_Disease_Detection/` structure, where would you expect to find the code for training the CNN disease detection model, and where would the trained model artifacts be stored?",Error generating answer: The input to RunnablePassthrough.assign() must be a dict.
"If you needed to add a new API endpoint for retrieving historical yield data, which files/directories would you likely modify or create?",Error generating answer: The input to RunnablePassthrough.assign() must be a dict.
"Describe the purpose of `CORSMiddleware` in the `main.py` FastAPI application. For the `/predict` endpoint, what are the two main ""TODO"" items that need to be implemented?",Error generating answer: The input to RunnablePassthrough.assign() must be a dict.
"What is the role of Celery in this architecture, and how is it configured to connect to its broker and backend? Explain why `run_inference` is implemented as a Celery task rather than directly in the FastAPI endpoint?",Error generating answer: The input to RunnablePassthrough.assign() must be a dict.
"Explain the data flow when a farmer uploads an image for disease detection, from the frontend to the ML models and back to the user, based on the system architecture?",Error generating answer: The input to RunnablePassthrough.assign() must be a dict.
"**Phase 1: MVP (0-3 months)**: What are the key deliverables for the MVP phase, and what is the primary constraint regarding resources? Which specific technologies are introduced?",Error generating answer: The input to RunnablePassthrough.assign() must be a dict.
"**Phase 2: Scaling (3-6 months)**: What new data management, communication, and security technologies are introduced in Phase 2?",Error generating answer: The input to RunnablePassthrough.assign() must be a dict.
**Phase 3: Growth (6-12 months)**: What significant changes are made to the frontend and monetization strategy in Phase 3? Which new predictive analytics and community features are added?,Error generating answer: The input to RunnablePassthrough.assign() must be a dict.
"**Phase 4: Enterprise (12+ months)**: What is the major shift in deployment strategy for the Enterprise phase, and why? What advanced analytics, monitoring, and infrastructure management tools are integrated?",Error generating answer: The input to RunnablePassthrough.assign() must be a dict.
"List the key performance indicators (KPIs) and North-Star Metrics across different categories (Model Performance, Operational, Adoption, Economics, Impact). Why is ""Yield uplift, loss reduction, net income change"" considered an important impact metric?",Error generating answer: The input to RunnablePassthrough.assign() must be a dict.
"What measures are in place to secure Personally Identifiable Information (PII) and farm data? How are sensitive keys and secrets managed, and what is the audit logging strategy?",Error generating answer: The input to RunnablePassthrough.assign() must be a dict.
"Outline the initial strategy for cost control during development. What ongoing monitoring and optimization techniques are planned, and when is the platform expected to transition to more expensive infrastructure like GKE?",Error generating answer: The input to RunnablePassthrough.assign() must be a dict.
"Describe the testing strategy for the platform. How does the platform manage and track machine learning models, and what deployment strategy is mentioned for new model versions to minimize risk? How does the platform plan to detect and respond to ""Data Drift""?",Error generating answer: The input to RunnablePassthrough.assign() must be a dict.
"List at least five critical items that must be functional and verified before the MVP can go live, as per the ""Go-Live Checklist."" What specific performance target is set for model inference during the MVP phase?",Error generating answer: The input to RunnablePassthrough.assign() must be a dict.
